split_method,morgan,maccs,atompair
butina_morgan,0.0010438753914884247,0.009442033983987241,0.0033951260089724045
butina_maccs,-0.000610639168028837,-0.01185628575179598,-0.007541811916528474
butina_atompair,0.014354069722046003,0.012191068056614851,0.009845645838618355
