split_method,morgan,maccs,atompair
butina_morgan,-0.032200478535291066,-0.0881949073506445,-0.04217730346391202
butina_maccs,-0.14665513805613695,-0.07478389458824086,-0.0965098793557485
butina_atompair,-0.03455181041587707,-0.034371059300324136,-0.032817652212069004
