split_method,morgan,maccs,atompair
butina_morgan,-0.016989404588440338,-0.03850536808224736,-0.019673252945413222
butina_maccs,0.0013700853512890188,0.005336753082674228,0.000988037908407402
butina_atompair,-0.01944095424040415,-0.017660883752574574,-0.018967171762332757
