split_method,morgan,maccs,atompair
butina_morgan,-0.0020346094188380404,0.014743072563026427,0.0022521203669642054
butina_maccs,-0.009224395799832696,-0.03610783405314344,-0.04573538945668987
butina_atompair,0.007201934474668326,0.0032354315982231485,-0.0032553625986163626
