split_method,morgan,maccs,atompair
butina_morgan,-0.018868083689346116,-0.03391203910994428,-0.02575374068796188
butina_maccs,0.20936311300111277,0.2310772854894933,0.3094320618780493
butina_atompair,0.07904653457538202,-0.06032373613597486,0.07216614824595369
