split_method,morgan,maccs,atompair
butina_morgan,-0.12560847491459914,0.0010311254286096139,-0.022407581259693277
butina_maccs,-0.007427767105360639,0.12094311176010697,0.12563206680423933
butina_atompair,0.05867646752026223,0.046783979346273596,0.10748720261637479
