split_method,morgan,maccs,atompair
butina_morgan,0.010936439596565095,0.0032969264626489803,0.008266712752271588
butina_maccs,0.14588863051286466,0.1363386809552723,0.2018352168169582
butina_atompair,0.0872848390713113,-0.014089951507420012,0.06504717933638571
