split_method,morgan,maccs,atompair
butina_morgan,0.0012600243672140077,0.04013549250149409,0.022913295274851808
butina_maccs,0.07173300100256752,0.08161503003590967,0.11042657653046523
butina_atompair,0.08056588769023543,0.04951469640481729,0.0898479561555574
