split_method,morgan,maccs,atompair
butina_morgan,-0.16984435233137174,-0.17460002518176632,-0.13308053991319202
butina_maccs,-0.272384733763992,-0.3280412635620798,-0.25719597861275634
butina_atompair,-0.09469997118256773,-0.11559456316049282,-0.11270112982644859
