split_method,morgan,maccs,atompair
butina_morgan,-0.17313932950074873,-0.19176515967029803,-0.1648112900742415
butina_maccs,-0.2065429290317492,-0.18081027714658354,-0.20101368264471736
butina_atompair,-0.0677783529222547,-0.12439038336653901,-0.12392957280512679
