split_method,morgan,maccs,atompair
butina_morgan,-0.04298202254869421,-0.03864173323902009,-0.05212712200424663
butina_maccs,-0.0233071184519833,-0.053948458871832305,-0.06550745452245854
butina_atompair,-0.005261059892418096,-0.029860933466436923,-0.027054358478629137
