split_method,morgan,maccs,atompair
butina_morgan,-0.03166282951907551,-0.03340766243160842,-0.03203099587176883
butina_maccs,-0.105723388083799,-0.15861984567638587,-0.11979739141435153
butina_atompair,-0.047273771169880074,-0.06657046150909385,-0.06626328021710182
