split_method,morgan,maccs,atompair
butina_morgan,0.040471757499261685,0.03806572478957737,0.06829009131600428
butina_maccs,0.0889189121398718,0.0731593173741768,0.07934143844810371
butina_atompair,0.05206200449617737,0.056742246492278214,0.06973760533962348
