split_method,morgan,maccs,atompair
butina_morgan,0.12222286082333778,0.1300634937684081,0.12786420382255237
butina_maccs,0.15707651821042445,0.11356427760565624,0.22667354680723817
butina_atompair,0.14567538679209846,0.11478973084497102,0.18799656702095602
