split_method,morgan,maccs,atompair
butina_morgan,0.052465793281948114,0.04925491274187388,0.06506145573892219
butina_maccs,0.0823186333866589,0.09138629061270831,0.08200386230976875
butina_atompair,0.06756539331602229,0.07776536217700747,0.08127588481950854
