split_method,morgan,maccs,atompair
butina_morgan,0.11589588047560062,0.10617716290629464,0.11660169699606021
butina_maccs,0.13460562424476263,0.08943259970323747,0.1796057109112908
butina_atompair,0.13628531009737288,0.10468951817413596,0.15612980962588902
