split_method,morgan,maccs,atompair
butina_morgan,0.051934908319630546,-0.01567824135395912,-0.008385288784611755
butina_maccs,0.35060004496915065,0.3578160521720939,0.37242564831548797
butina_atompair,0.6266563433918038,0.03924620835999848,0.17912380731794286
