split_method,morgan,maccs,atompair
butina_morgan,0.03397485091682251,0.0262282698590256,-0.005017421547619083
butina_maccs,0.2228287668555582,0.23620700797513194,0.35104325077380927
butina_atompair,0.4794018983450199,0.05547467585510246,0.1993788071428555
