split_method,morgan,maccs,atompair
butina_morgan,0.16305850653525344,0.0813542241489964,0.12451814255293192
butina_maccs,0.7011087827896412,0.28490558600796767,0.3271919577728405
butina_atompair,0.13894092765711652,0.0351036131211655,0.11135887187843563
