split_method,morgan,maccs,atompair
butina_morgan,0.11487336902433176,0.044987638126205653,0.08970668773809476
butina_maccs,0.6734039818279416,0.2001859667126923,0.2549954411309512
butina_atompair,0.12084092974834593,0.034442711860227626,0.11029052732142786
