dataset_name,total_molecule_count,total_scaffold_count,no_scaffold_ratio,top1_ratio,top5_ratio,singleton_ratio,doubleton_ratio,tripleton_ratio,gini_coefficient
bbbp,2039,1102,0.04855321235899951,0.06718979892103973,0.1569396763119176,0.76497277676951,0.13339382940108893,0.04083484573502722,0.4190112230738352
freesolv,642,63,0.4984423676012461,0.4984423676012461,0.8146417445482866,0.5714285714285714,0.12698412698412698,0.12698412698412698,0.8406764574988874
hiv,41120,19082,0.0384727626459144,0.05082684824902724,0.10119163424124514,0.7493449323970234,0.12215700660308144,0.04522586730950634,0.49080472174767364
lipophilicity,4200,2444,0.0011904761904761906,0.018095238095238095,0.045476190476190476,0.7794599018003273,0.10556464811783961,0.04091653027823241,0.37437397708674314
qm9,131743,20887,0.10691270124408887,0.10691270124408887,0.20882323918538367,0.6925360271939484,0.10446689328290325,0.04241872935318619,0.8015036606751387
solv,1123,269,0.28138913624220835,0.28138913624220835,0.5796972395369546,0.7286245353159851,0.10780669144981413,0.06319702602230483,0.7238113523587577
tox21,7823,2404,0.22689505304870256,0.22689505304870256,0.44612041416336445,0.7782861896838602,0.1064891846921797,0.04076539101497504,0.6682366387096541
